{
  "rewrites": [
    {
      "source": "/",
      "destination": "/prerendered/index.html"
    },
    {
      "source": "/colocation-geneve",
      "destination": "/prerendered/colocation-geneve.html"
    },
    {
      "source": "/le-coliving",
      "destination": "/prerendered/le-coliving.html"
    },
    {
      "source": "/nos-maisons",
      "destination": "/prerendered/nos-maisons.html"
    },
    {
      "source": "/services",
      "destination": "/prerendered/services.html"
    },
    {
      "source": "/tarifs",
      "destination": "/prerendered/tarifs.html"
    },
    {
      "source": "/faq",
      "destination": "/prerendered/faq.html"
    },
    {
      "source": "/candidature",
      "destination": "/prerendered/candidature.html"
    },
    {
      "source": "/blog",
      "destination": "/prerendered/blog.html"
    },
    {
      "source": "/lavilla",
      "destination": "/prerendered/lavilla.html"
    },
    {
      "source": "/leloft",
      "destination": "/prerendered/leloft.html"
    },
    {
      "source": "/lelodge",
      "destination": "/prerendered/lelodge.html"
    },
    {
      "source": "/investisseurs",
      "destination": "/prerendered/investisseurs.html"
    },
    {
      "source": "/en",
      "destination": "/prerendered/en.html"
    },
    {
      "source": "/en/colocation-geneve",
      "destination": "/prerendered/en-colocation-geneve.html"
    },
    {
      "source": "/en/le-coliving",
      "destination": "/prerendered/en-le-coliving.html"
    },
    {
      "source": "/en/nos-maisons",
      "destination": "/prerendered/en-nos-maisons.html"
    },
    {
      "source": "/en/services",
      "destination": "/prerendered/en-services.html"
    },
    {
      "source": "/en/tarifs",
      "destination": "/prerendered/en-tarifs.html"
    },
    {
      "source": "/en/faq",
      "destination": "/prerendered/en-faq.html"
    },
    {
      "source": "/en/candidature",
      "destination": "/prerendered/en-candidature.html"
    },
    {
      "source": "/en/blog",
      "destination": "/prerendered/en-blog.html"
    },
    {
      "source": "/en/lavilla",
      "destination": "/prerendered/en-lavilla.html"
    },
    {
      "source": "/en/leloft",
      "destination": "/prerendered/en-leloft.html"
    },
    {
      "source": "/en/lelodge",
      "destination": "/prerendered/en-lelodge.html"
    },
    {
      "source": "/en/investisseurs",
      "destination": "/prerendered/en-investisseurs.html"
    },
    {
      "source": "/blog/choc-culturel-franco-suisse-expatrie-geneve",
      "destination": "/prerendered/blog-choc-culturel-franco-suisse-expatrie-geneve.html"
    },
    {
      "source": "/blog/coliving-pour-qui-profil-ideal",
      "destination": "/prerendered/blog-coliving-pour-qui-profil-ideal.html"
    },
    {
      "source": "/blog/vie-quotidienne-frontalier-courses-sport-sorties",
      "destination": "/prerendered/blog-vie-quotidienne-frontalier-courses-sport-sorties.html"
    },
    {
      "source": "/blog/se-faire-reseau-geneve-arriver-seul",
      "destination": "/prerendered/blog-se-faire-reseau-geneve-arriver-seul.html"
    },
    {
      "source": "/blog/arnaques-logement-frontalier-geneve-eviter",
      "destination": "/prerendered/blog-arnaques-logement-frontalier-geneve-eviter.html"
    },
    {
      "source": "/blog/banque-telephone-internet-frontalier-bons-plans",
      "destination": "/prerendered/blog-banque-telephone-internet-frontalier-bons-plans.html"
    },
    {
      "source": "/blog/dossier-location-frontalier-suisse-france",
      "destination": "/prerendered/blog-dossier-location-frontalier-suisse-france.html"
    },
    {
      "source": "/blog/arriver-seul-geneve-guide-30-jours",
      "destination": "/prerendered/blog-arriver-seul-geneve-guide-30-jours.html"
    },
    {
      "source": "/blog/teletravail-frontalier-geneve-regles-2026",
      "destination": "/prerendered/blog-teletravail-frontalier-geneve-regles-2026.html"
    },
    {
      "source": "/blog/organisations-internationales-geneve-ou-habiter",
      "destination": "/prerendered/blog-organisations-internationales-geneve-ou-habiter.html"
    },
    {
      "source": "/blog/cout-transport-frontalier-geneve-2026",
      "destination": "/prerendered/blog-cout-transport-frontalier-geneve-2026.html"
    },
    {
      "source": "/blog/temps-trajet-annemasse-geneve-par-quartier",
      "destination": "/prerendered/blog-temps-trajet-annemasse-geneve-par-quartier.html"
    },
    {
      "source": "/blog/fiscalite-frontalier-geneve-impots-2026",
      "destination": "/prerendered/blog-fiscalite-frontalier-geneve-impots-2026.html"
    },
    {
      "source": "/blog/assurance-sante-frontalier-lamal-cmu-budget",
      "destination": "/prerendered/blog-assurance-sante-frontalier-lamal-cmu-budget.html"
    },
    {
      "source": "/blog/economies-coliving-tout-inclus-geneve",
      "destination": "/prerendered/blog-economies-coliving-tout-inclus-geneve.html"
    },
    {
      "source": "/blog/studio-geneve-vs-colocation-france-budget",
      "destination": "/prerendered/blog-studio-geneve-vs-colocation-france-budget.html"
    },
    {
      "source": "/blog/vie-communautaire-coliving-temoignages",
      "destination": "/prerendered/blog-vie-communautaire-coliving-temoignages.html"
    },
    {
      "source": "/blog/transport-annemasse-geneve-leman-express",
      "destination": "/prerendered/blog-transport-annemasse-geneve-leman-express.html"
    },
    {
      "source": "/blog/avantages-coliving-jeunes-professionnels",
      "destination": "/prerendered/blog-avantages-coliving-jeunes-professionnels.html"
    },
    {
      "source": "/blog/colocation-annemasse-ville-la-grand-ambilly",
      "destination": "/prerendered/blog-colocation-annemasse-ville-la-grand-ambilly.html"
    },
    {
      "source": "/blog/demenager-geneve-frontalier-checklist",
      "destination": "/prerendered/blog-demenager-geneve-frontalier-checklist.html"
    },
    {
      "source": "/blog/loyer-frontalier-geneve-combien-payer",
      "destination": "/prerendered/blog-loyer-frontalier-geneve-combien-payer.html"
    },
    {
      "source": "/blog/coliving-vs-colocation-differences",
      "destination": "/prerendered/blog-coliving-vs-colocation-differences.html"
    },
    {
      "source": "/blog/chambre-meublee-annemasse-geneve",
      "destination": "/prerendered/blog-chambre-meublee-annemasse-geneve.html"
    },
    {
      "source": "/blog/grand-geneve-2026-nouveautes-frontaliers",
      "destination": "/prerendered/blog-grand-geneve-2026-nouveautes-frontaliers.html"
    },
    {
      "source": "/blog/geneve-sans-voiture-mobilite-douce-frontaliers",
      "destination": "/prerendered/blog-geneve-sans-voiture-mobilite-douce-frontaliers.html"
    },
    {
      "source": "/blog/budget-colocation-geneve-guide-complet",
      "destination": "/prerendered/blog-budget-colocation-geneve-guide-complet.html"
    },
    {
      "source": "/blog/5-erreurs-logement-frontalier-geneve",
      "destination": "/prerendered/blog-5-erreurs-logement-frontalier-geneve.html"
    },
    {
      "source": "/blog/meilleurs-quartiers-frontaliers-geneve",
      "destination": "/prerendered/blog-meilleurs-quartiers-frontaliers-geneve.html"
    },
    {
      "source": "/blog/colocation-expats-geneve-guide",
      "destination": "/prerendered/blog-colocation-expats-geneve-guide.html"
    },
    {
      "source": "/blog/living-in-france-working-in-geneva",
      "destination": "/prerendered/blog-living-in-france-working-in-geneva.html"
    },
    {
      "source": "/blog/what-is-coliving-and-why-it-matters",
      "destination": "/prerendered/blog-what-is-coliving-and-why-it-matters.html"
    },
    {
      "source": "/en/blog/choc-culturel-franco-suisse-expatrie-geneve",
      "destination": "/prerendered/en-blog-choc-culturel-franco-suisse-expatrie-geneve.html"
    },
    {
      "source": "/en/blog/coliving-pour-qui-profil-ideal",
      "destination": "/prerendered/en-blog-coliving-pour-qui-profil-ideal.html"
    },
    {
      "source": "/en/blog/vie-quotidienne-frontalier-courses-sport-sorties",
      "destination": "/prerendered/en-blog-vie-quotidienne-frontalier-courses-sport-sorties.html"
    },
    {
      "source": "/en/blog/se-faire-reseau-geneve-arriver-seul",
      "destination": "/prerendered/en-blog-se-faire-reseau-geneve-arriver-seul.html"
    },
    {
      "source": "/en/blog/arnaques-logement-frontalier-geneve-eviter",
      "destination": "/prerendered/en-blog-arnaques-logement-frontalier-geneve-eviter.html"
    },
    {
      "source": "/en/blog/banque-telephone-internet-frontalier-bons-plans",
      "destination": "/prerendered/en-blog-banque-telephone-internet-frontalier-bons-plans.html"
    },
    {
      "source": "/en/blog/dossier-location-frontalier-suisse-france",
      "destination": "/prerendered/en-blog-dossier-location-frontalier-suisse-france.html"
    },
    {
      "source": "/en/blog/arriver-seul-geneve-guide-30-jours",
      "destination": "/prerendered/en-blog-arriver-seul-geneve-guide-30-jours.html"
    },
    {
      "source": "/en/blog/teletravail-frontalier-geneve-regles-2026",
      "destination": "/prerendered/en-blog-teletravail-frontalier-geneve-regles-2026.html"
    },
    {
      "source": "/en/blog/organisations-internationales-geneve-ou-habiter",
      "destination": "/prerendered/en-blog-organisations-internationales-geneve-ou-habiter.html"
    },
    {
      "source": "/en/blog/cout-transport-frontalier-geneve-2026",
      "destination": "/prerendered/en-blog-cout-transport-frontalier-geneve-2026.html"
    },
    {
      "source": "/en/blog/temps-trajet-annemasse-geneve-par-quartier",
      "destination": "/prerendered/en-blog-temps-trajet-annemasse-geneve-par-quartier.html"
    },
    {
      "source": "/en/blog/fiscalite-frontalier-geneve-impots-2026",
      "destination": "/prerendered/en-blog-fiscalite-frontalier-geneve-impots-2026.html"
    },
    {
      "source": "/en/blog/assurance-sante-frontalier-lamal-cmu-budget",
      "destination": "/prerendered/en-blog-assurance-sante-frontalier-lamal-cmu-budget.html"
    },
    {
      "source": "/en/blog/economies-coliving-tout-inclus-geneve",
      "destination": "/prerendered/en-blog-economies-coliving-tout-inclus-geneve.html"
    },
    {
      "source": "/en/blog/studio-geneve-vs-colocation-france-budget",
      "destination": "/prerendered/en-blog-studio-geneve-vs-colocation-france-budget.html"
    },
    {
      "source": "/en/blog/vie-communautaire-coliving-temoignages",
      "destination": "/prerendered/en-blog-vie-communautaire-coliving-temoignages.html"
    },
    {
      "source": "/en/blog/transport-annemasse-geneve-leman-express",
      "destination": "/prerendered/en-blog-transport-annemasse-geneve-leman-express.html"
    },
    {
      "source": "/en/blog/avantages-coliving-jeunes-professionnels",
      "destination": "/prerendered/en-blog-avantages-coliving-jeunes-professionnels.html"
    },
    {
      "source": "/en/blog/colocation-annemasse-ville-la-grand-ambilly",
      "destination": "/prerendered/en-blog-colocation-annemasse-ville-la-grand-ambilly.html"
    },
    {
      "source": "/en/blog/demenager-geneve-frontalier-checklist",
      "destination": "/prerendered/en-blog-demenager-geneve-frontalier-checklist.html"
    },
    {
      "source": "/en/blog/loyer-frontalier-geneve-combien-payer",
      "destination": "/prerendered/en-blog-loyer-frontalier-geneve-combien-payer.html"
    },
    {
      "source": "/en/blog/coliving-vs-colocation-differences",
      "destination": "/prerendered/en-blog-coliving-vs-colocation-differences.html"
    },
    {
      "source": "/en/blog/chambre-meublee-annemasse-geneve",
      "destination": "/prerendered/en-blog-chambre-meublee-annemasse-geneve.html"
    },
    {
      "source": "/en/blog/grand-geneve-2026-nouveautes-frontaliers",
      "destination": "/prerendered/en-blog-grand-geneve-2026-nouveautes-frontaliers.html"
    },
    {
      "source": "/en/blog/geneve-sans-voiture-mobilite-douce-frontaliers",
      "destination": "/prerendered/en-blog-geneve-sans-voiture-mobilite-douce-frontaliers.html"
    },
    {
      "source": "/en/blog/budget-colocation-geneve-guide-complet",
      "destination": "/prerendered/en-blog-budget-colocation-geneve-guide-complet.html"
    },
    {
      "source": "/en/blog/5-erreurs-logement-frontalier-geneve",
      "destination": "/prerendered/en-blog-5-erreurs-logement-frontalier-geneve.html"
    },
    {
      "source": "/en/blog/meilleurs-quartiers-frontaliers-geneve",
      "destination": "/prerendered/en-blog-meilleurs-quartiers-frontaliers-geneve.html"
    },
    {
      "source": "/en/blog/colocation-expats-geneve-guide",
      "destination": "/prerendered/en-blog-colocation-expats-geneve-guide.html"
    },
    {
      "source": "/en/blog/living-in-france-working-in-geneva",
      "destination": "/prerendered/en-blog-living-in-france-working-in-geneva.html"
    },
    {
      "source": "/en/blog/what-is-coliving-and-why-it-matters",
      "destination": "/prerendered/en-blog-what-is-coliving-and-why-it-matters.html"
    },
    {
      "source": "/(.*)",
      "destination": "/_spa.html"
    }
  ],
  "redirects": [
    {
      "source": "/fr",
      "destination": "/",
      "permanent": true
    },
    {
      "source": "/the-coliving",
      "destination": "/le-coliving",
      "permanent": true
    },
    {
      "source": "/our-houses",
      "destination": "/nos-maisons",
      "permanent": true
    },
    {
      "source": "/rates",
      "destination": "/tarifs",
      "permanent": true
    },
    {
      "source": "/join-us",
      "destination": "/candidature",
      "permanent": true
    },
    {
      "source": "/fr/rates",
      "destination": "/tarifs",
      "permanent": true
    },
    {
      "source": "/fr/our-houses",
      "destination": "/nos-maisons",
      "permanent": true
    },
    {
      "source": "/fr/faq",
      "destination": "/faq",
      "permanent": true
    },
    {
      "source": "/fr/join-us",
      "destination": "/candidature",
      "permanent": true
    },
    {
      "source": "/fr/the-coliving",
      "destination": "/le-coliving",
      "permanent": true
    },
    {
      "source": "/fr/services",
      "destination": "/services",
      "permanent": true
    },
    {
      "source": "/fr/blog",
      "destination": "/blog",
      "permanent": true
    },
    {
      "source": "/fr/lavilla",
      "destination": "/lavilla",
      "permanent": true
    },
    {
      "source": "/fr/leloft",
      "destination": "/leloft",
      "permanent": true
    },
    {
      "source": "/fr/lelodge",
      "destination": "/lelodge",
      "permanent": true
    },
    {
      "source": "/community",
      "destination": "/le-coliving",
      "permanent": true
    },
    {
      "source": "/location",
      "destination": "/nos-maisons",
      "permanent": true
    },
    {
      "source": "/colocation-geneva",
      "destination": "/colocation-geneve",
      "permanent": true
    },
    {
      "source": "/colocation",
      "destination": "/colocation-geneve",
      "permanent": true
    },
    {
      "source": "/coliving-geneve",
      "destination": "/colocation-geneve",
      "permanent": true
    },
    {
      "source": "/coliving-geneva",
      "destination": "/colocation-geneve",
      "permanent": true
    },
    {
      "source": "/fr/colocation-geneve",
      "destination": "/colocation-geneve",
      "permanent": true
    },
    {
      "source": "/apply",
      "destination": "/candidature",
      "permanent": true
    },
    {
      "source": "/la-villa",
      "destination": "/lavilla",
      "permanent": true
    },
    {
      "source": "/le-loft",
      "destination": "/leloft",
      "permanent": true
    },
    {
      "source": "/fr/la-villa",
      "destination": "/lavilla",
      "permanent": true
    },
    {
      "source": "/fr/le-loft",
      "destination": "/leloft",
      "permanent": true
    },
    {
      "source": "/copie-de-le-loft-new",
      "destination": "/leloft",
      "permanent": true
    },
    {
      "source": "/fr/copie-de-le-loft",
      "destination": "/leloft",
      "permanent": true
    },
    {
      "source": "/fr/copie-de-le-loft-new",
      "destination": "/leloft",
      "permanent": true
    },
    {
      "source": "/fr/copie-de-la-villa-new",
      "destination": "/lavilla",
      "permanent": true
    },
    {
      "source": "/lavillanew",
      "destination": "/lavilla",
      "permanent": true
    },
    {
      "source": "/understandtheprices",
      "destination": "/tarifs",
      "permanent": true
    },
    {
      "source": "/fr/thebigcolivingguide",
      "destination": "/le-coliving",
      "permanent": true
    },
    {
      "source": "/fr/definingcoliving",
      "destination": "/le-coliving",
      "permanent": true
    },
    {
      "source": "/fr/product-page/swimming-pool",
      "destination": "/services",
      "permanent": true
    },
    {
      "source": "/fr/product-page/:slug",
      "destination": "/tarifs",
      "permanent": true
    },
    {
      "source": "/product-page/:slug",
      "destination": "/tarifs",
      "permanent": true
    }
  ],
  "headers": [
    {
      "source": "/sitemap.xml",
      "headers": [
        {
          "key": "Content-Type",
          "value": "application/xml"
        }
      ]
    },
    {
      "source": "/robots.txt",
      "headers": [
        {
          "key": "Content-Type",
          "value": "text/plain"
        }
      ]
    },
    {
      "source": "/prerendered/(.*)",
      "headers": [
        {
          "key": "Content-Type",
          "value": "text/html; charset=utf-8"
        },
        {
          "key": "X-Robots-Tag",
          "value": "noindex"
        }
      ]
    }
  ]
}
